split,input_text,target_text,prediction,sentence_cer,sentence_wer,exact_match,error_categories
test,Meme Pas dans envelope?,Mem pas dans envelope?,Mem pas dans envelope?,0.0,0.0,True,correct
test,Li fer client fume bred mourom saaa,Li fer client fume bred mourom sa.,Li fer client fume bred mourom sa.,0.0,0.0,True,correct
test,Linn roder linn ggner.....,Linn rode linn gagne.....,Linn rode linn gagne.....,0.0,0.0,True,correct
test,[NAME] einn?? Ki pou fer???,[NAME] ein?? Ki pu fer???,[NAME] ein?? Ki pu fer???,0.0,0.0,True,correct
test,Pren compte nu ban emergency food supply pendant carem😐,Pran compte nu bann emergency food supply pendant carem.😐,Pran compte nu bann emergency food supply pendant carem.😐,0.0,0.0,True,correct
test,Ki rôle mama la?,Ki rôle mama la?,Ki rôle mama la?,0.0,0.0,True,correct
test,Ferme impe do piitii,Ferme enpe dow piti.,Ferme enpe dow piti.,0.0,0.0,True,correct
test,"[NAME], to kone ki la boutique sa","[NAME], to kone ki la boutique sa?","[NAME], to kone ki la boutique sa?",0.0,0.0,True,correct
test,Bientôt cryptoplok pou ale ramasse savonnette 🤣😂,Bientôt cryptoplok pu ale ramasse savonnette. 🤣😂,Bientôt cryptoplok pu ale ramasse savonnette. 🤣😂,0.0,0.0,True,correct
test,Ena le rat et mangoose si là-bas,Ena le rat et mangoose si là-bas.,Ena le rat et mangoose si là-bas.,0.0,0.0,True,correct
test,Espere li pa gn lagard de l'enfant,Espere li pa gagne lagard de l'enfant.,Espere li pa gagne lagard de l'enfant.,0.0,0.0,True,correct
test,Capave tir 1 communique pou pa al travail s'il vous plait,Kapav tire 1 communique pu pa ale travail s'il vous plait.,Kapav tire 1 communique pu pa ale travail s'il vous plait.,0.0,0.0,True,correct
test,Faut voir pour croire,Faut voir pour croire.,Faut voir pour croire.,0.0,0.0,True,correct
test,Malediction pu beiiz zot sa,Malediction pu bez zot sa.,Malediction pu bez zot sa.,0.0,0.0,True,correct
test,Meteo maurice nkor p veye lapli li,Meteo Maurice ankor pe veye lapli li.,Meteo Maurice ankor pe veye lapli li.,0.0,0.0,True,correct
test,Gajack paré,Gajack pare.,Gajack pare.,0.0,0.0,True,correct
test,Clown 🤡,Clown. 🤡,Clown. 🤡,0.0,0.0,True,correct
test,No changement at all still the same as previous government gros poisson touletan ti protezer,No changement at all still the same as previous government. Gros poisson tultan ti protez.,No changement at all still the same as previous government. Gros poisson tultan ti protez.,0.0,0.0,True,correct
test,Pauvre bébé q paye le pot cassé ene ti innocent 😥,Pauvre bébé qui peye le pot kase enn ti innocent. 😥,Pauvre bébé qui peye le pot kase enn ti innocent. 😥,0.0,0.0,True,correct
test,Dan so la tete ki ena sa boug la?! 🤣,Dan so latet ki ena sa boug la?! 🤣,Dan so latet ki ena sa boug la?! 🤣,0.0,0.0,True,correct
test,Netflix mort are sa senario la,Netflix mort ar sa senario la.,Netflix mort ar sa senario la.,0.0,0.0,True,correct
test,"Education in vin ene business, anyway!","Education inn vinn enn business, anyway!","Education inn vinn enn business, anyway!",0.0,0.0,True,correct
test,Station la vintage sa,Station la vintage sa.,Station la vintage sa.,0.0,0.0,True,correct
test,Moi mo bin pa bizin legant pou levé. Mo garde li prop et plastic poubelle endans. Bizin comprend dimoune la,Moi mo bin pa bizin legant pu leve. Mo garde li prop et plastic poubelle endan. Bizin comprend dimunn la.,Moi mo bin pa bizin legant pu leve. Mo garde li prop et plastic poubelle endan. Bizin comprend dimunn la.,0.0,0.0,True,correct
test,Sa ban minis la osi p kokin par million mai zamer trouve zot meT sa,Sa bann minis la osi pe kokin par million me zame truve zot met sa.,Sa bann minis la osi pe kokin par million me zame truve zot met sa.,0.0,0.0,True,correct
test,mari mal compren sa,Mari mal konpran sa.,Mari mal konpran sa.,0.0,0.0,True,correct
test,Trop guete film do. Attention to mm bez endans,Trop get film dow. Attention tomem bez endan.,Trop get film dow. Attention tomem bez endan.,0.0,0.0,True,correct
test,Bour sa 2 clak do,Boure sa 2 clak dow.,Boure sa 2 clak dow.,0.0,0.0,True,correct
test,Bizin saute la main pa capav tolerer sa!!!,Bizin saute la main pa kapav tolere sa!!!,Bizin saute la main pa kapav tolere sa!!!,0.0,0.0,True,correct
test,Premier fois mo tend ou kozer... Ou pas paret bien intelligent entoula🤣,Premier fois mo tande ou koze... Ou pas paret bien intelligent entuka.🤣,Premier fois mo tande ou koze... Ou pas paret bien intelligent entuka.🤣,0.0,0.0,True,correct
test,Bizin met li dehor sa,Bizin met li deor sa.,Bizin met li deor sa.,0.0,0.0,True,correct
test,"[NAME], place to p zazer batiara","[NAME], place to pe zaze batiara.","[NAME], place to pe zaze batiara.",0.0,0.0,True,correct
test,Lontan pa tane li sa,Lontan pa tande li sa.,Lontan pa tande li sa.,0.0,0.0,True,correct
test,Bien zoli…,Bien zoli…,Bien zoli…,0.0,0.0,True,correct
test,To cone boussou?,To kone boussou?,To kone boussou?,0.0,0.0,True,correct
test,Ban zanfan zot longanis ine fanE 😅😅,Bann zanfan zot longanis inn fane. 😅😅,Bann zanfan zot longanis inn fane. 😅😅,0.0,0.0,True,correct
test,Aster macarena creve,Aster Macarena creve.,Aster Macarena creve.,0.0,0.0,True,correct
test,"[NAME], 1 gro prblm sa","[NAME], 1 gro problem sa.","[NAME], 1 gro problem sa.",0.0,0.0,True,correct
test,Eski li dan's govn sa,Eski li dans guvernman sa?,Eski li dans guvernman sa?,0.0,0.0,True,correct
test,"[NAME], dimune trop mov lor la terre","[NAME], dimunn trop move lor la terre.","[NAME], dimunn trop move lor la terre.",0.0,0.0,True,correct
test,Bizin so mari ine kit li astr li p rod venge li 😂🤦🏽‍♀️,Bizin so mari inn kite li aster li pe rode venge li. 😂🤦🏽‍♀️,Bizin so mari inn kite li aster li pe rode venge li. 😂🤦🏽‍♀️,0.0,0.0,True,correct
test,Dan 4ans zot oci nouS pou retirE..😂et pas bliyE nou oci nouS pou met latrap😉,Dan 4 ans zot osi nous pu retire..😂et pas bliye nu osi nous pu met latrap.😉,Dan 4 ans zot osi nous pu retire..😂et pas bliye nu osi nous pu met latrap.😉,0.0,0.0,True,correct
test,Trump pou vin moris,Trump pu vinn Moris.,Trump pu vinn Moris.,0.0,0.0,True,correct
test,Kifaire pas met so nom si li ene zafaire vrai,Kifer pas met so nom si li enn zafer vrai?,Kifer pas met so nom si li enn zafer vrai?,0.0,0.0,True,correct
test,I was there on 2 janvier dimoune pleins xtra. Place pou marser pena,I was there on 2 janvier dimunn pleins extra. Place pu marse pena.,I was there on 2 janvier dimunn pleins extra. Place pu marse pena.,0.0,0.0,True,correct
test,"[NAME], frere ena shift system","[NAME], frere ena shift system.","[NAME], frere ena shift system.",0.0,0.0,True,correct
test,"Allowance sunday / [NAME] pou bannes policiers bizin re introduire, après met smf/ssu faire patrols 24/7 surtout dans l’endroit chaud","Allowance Sunday / [NAME] pu bann policiers bizin re introduire, après met SMF/SSU faire patrols 24/7 surtout dans l’endroit chaud.","Allowance Sunday / [NAME] pu bann policiers bizin re introduire, après met SMF/SSU faire patrols 24/7 surtout dans l’endroit chaud.",0.0,0.0,True,correct
test,Berenger pou change toi,Berenger pu change toi.,Berenger pu change toi.,0.0,0.0,True,correct
test,ena pou dir camion la entord,Ena pu dir camion la antor.,Ena pu dir camion la antor.,0.0,0.0,True,correct
test,"[NAME], zordi ki moricien découvert 1 scammer sa 🤣","[NAME], zordi ki Morisien découvert 1 scammer sa. 🤣","[NAME], zordi ki Morisien découvert 1 scammer sa. 🤣",0.0,0.0,True,correct
test,Lopital toultemp problem papa,Lopital tultan problem papa.,Lopital tultan problem papa.,0.0,0.0,True,correct
test,Quel bank sa?,Quel bank sa?,Quel bank sa?,0.0,0.0,True,correct
test,"[NAME], get ca 1 cout dow","[NAME], get sa 1 kut dow.","[NAME], get sa 1 kut dow.",0.0,0.0,True,correct
test,"[NAME], premier janvier bouillon poisson satini coco","[NAME], premier janvier bouillon poisson satini coco.","[NAME], premier janvier bouillon poisson satini coco.",0.0,0.0,True,correct
test,Hope he reads the comments ek conner combien degoutanttt li eter!,Hope he reads the comments ek kone combien degoutant li ete!,Hope he reads the comments ek kone combien degoutant li ete!,0.0,0.0,True,correct
test,Poucentage p baisser... Bizin done lecon plus,Poucentage pe bese... Bizin donne lesson plus.,Poucentage pe bese... Bizin donne lesson plus.,0.0,0.0,True,correct
test,Fer sa met 1 culote,Fer sa met 1 culote.,Fer sa met 1 culote.,0.0,0.0,True,correct
test,"[NAME], mo pense pas li pu rapel ki lin kzer zrdi😂","[NAME], mo pense pas li pu rapel ki linn koze zordi.😂","[NAME], mo pense pas li pu rapel ki linn koze zordi.😂",0.0,0.0,True,correct
test,B la fin la journée bann parents pa réalise zot zenfan pa la!?,B la fin la journée bann parents pa réalise zot zanfan pa la!?,B la fin la journée bann parents pa réalise zot zanfan pa la!?,0.0,0.0,True,correct
test,Tention soulier perdi!😅,Tention soulier perdi!😅,Tention soulier perdi!😅,0.0,0.0,True,correct
test,Dir nou ki to finne fer,Dir nu ki to finn fer?,Dir nu ki to finn fer?,0.0,0.0,True,correct
test,bizin cancel night shopping. security lepep avant tout. ban sans vision ki pense zis sensation,Bizin cancel night shopping. Security lepep avant tu. Bann sans vision ki pense zis sensation.,Bizin cancel night shopping. Security lepep avant tu. Bann sans vision ki pense zis sensation.,0.0,0.0,True,correct
test,[NAME] tarder em,[NAME] tarde mem.,[NAME] tarde mem.,0.0,0.0,True,correct
test,Madame mo croire mo pas p tander ki ou p dire...,Madame mo croire mo pas pe tande ki ou pe dire...,Madame mo croire mo pas pe tande ki ou pe dire...,0.0,0.0,True,correct
test,Pou inogirasion,Pu inogirasion.,Pu inogirasion.,0.0,0.0,True,correct
test,Boss guet impe partou... Partou prix exorbitan suretou taxi,Boss get enpe partu... Partu prix exorbitan surtout taxi.,Boss get enpe partu... Partu prix exorbitan surtout taxi.,0.0,0.0,True,correct
test,"[NAME], oui mo get... Pour le moment pna nanier","[NAME], oui mo get... Pour le moment pena nanyin.","[NAME], oui mo get... Pour le moment pena nanyin.",0.0,0.0,True,correct
test,Ene nouvelle épisode tulsi,Enn nouvelle épisode Tulsi.,Enn nouvelle épisode Tulsi.,0.0,0.0,True,correct
test,🤦‍♀️🤦‍♀️🤦‍♀️ artistes cot p aller!!!!🙄,🤦‍♀️🤦‍♀️🤦‍♀️ artistes kot pe ale!!!!🙄,🤦‍♀️🤦‍♀️🤦‍♀️ artistes kot pe ale!!!!🙄,0.0,0.0,True,correct
test,Al maye canard encore,Ale maye canard encore.,Ale maye canard encore.,0.0,0.0,True,correct
test,Double decker in fire 🔥🔥🔥🔥🔥🚍🚍🚍🚌🚌♨️♨️,Double decker inn fire. 🔥🔥🔥🔥🔥🚍🚍🚍🚌🚌♨️♨️,Double decker inn fire. 🔥🔥🔥🔥🔥🚍🚍🚍🚌🚌♨️♨️,0.0,0.0,True,correct
test,Malheureusement cki ti bsn mort la pan mort,Malheureusement seki ti bizin mort la pann mort.,Malheureusement seki ti bizin mort la pann mort.,0.0,0.0,True,correct
test,Enta piago zt 🥝 ine bousser la,Enta piago zot 🥝 inn bouss la.,Enta piago zot 🥝 inn bouss la.,0.0,0.0,True,correct
test,Bonne chance au z'eleve,Bonne chance au zelev.,Bonne chance au zelev.,0.0,0.0,True,correct
test,"Pou capable gaspille cash public, Gagne commission are seki pou Fer la porte la.","Pu capable gaspille cash public, gagne commission ar seki pu fer la porte la.","Pu capable gaspille cash public, gagne commission ar seki pu fer la porte la.",0.0,0.0,True,correct
test,Acz canard sa. 😆,Akoz canard sa. 😆,Akoz canard sa. 😆,0.0,0.0,True,correct
test,Fam la ine plein r so mari acz sa li p envi debarasse li...🤣🤣🤣🤣,Fam la inn plein ar so mari akoz sa li pe anvi debarasse li...🤣🤣🤣🤣,Fam la inn plein ar so mari akoz sa li pe anvi debarasse li...🤣🤣🤣🤣,0.0,0.0,True,correct
test,"[NAME], to kone kot li été toi","[NAME], to kone kot li ete toi?","[NAME], to kone kot li ete toi?",0.0,0.0,True,correct
test,"[NAME], zot rest zis pou prend bouquet fleur kan p ale faire landing la bas","[NAME], zot reste zis pu prend bouquet fleur kan pe ale faire landing laba.","[NAME], zot reste zis pu prend bouquet fleur kan pe ale faire landing laba.",0.0,0.0,True,correct
test,Pou créer job gateman.,Pu créer job gateman.,Pu créer job gateman.,0.0,0.0,True,correct
test,zot in manz mami😂😂,Zot inn manze mami.😂😂,Zot inn manze mami.😂😂,0.0,0.0,True,correct
test,Mentalités dimoune ziss lire zot bane commentaires montrer à qui point société la va mal si ti zot fami mo ti pou content geuter couma zot réagir dans ene situation ainsi,Mentalités dimunn zis lire zot bann commentaires montre à qui point société la va mal. Si ti zot fami mo ti pu kontan get kuma zot réagir dans enn situation ainsi.,Mentalités dimunn zis lire zot bann commentaires montre à qui point société la va mal. Si ti zot fami mo ti pu kontan get kuma zot réagir dans enn situation ainsi.,0.0,0.0,True,correct
test,kayne west local,Kayne West local.,Kayne West local.,0.0,0.0,True,correct
test,Bisin arret travail Dan's privee et arret prediction allowance,Bizin aret travail dans prive et aret prediction allowance.,Bizin aret travail dans prive et aret prediction allowance.,0.0,0.0,True,correct
test,De quel pays etranger sont ces travailleurs? fr nuuu konerr dohh,De quel pays etranger sont ces travailleurs? Fer nu kone dow.,De quel pays etranger sont ces travailleurs? Fer nu kone dow.,0.0,0.0,True,correct
test,"[NAME], dmain lekole","[NAME], demain lekol.","[NAME], demain lekol.",0.0,0.0,True,correct
test,Nom fami manique 😂😂😂😂,Nom fami manique. 😂😂😂😂,Nom fami manique. 😂😂😂😂,0.0,0.0,True,correct
test,Lundi mmm p retire li lerla mo get comments. Ek sa li imminent,Lundi MMM pe retire li lerla mo get comments. Ek sa li imminent.,Lundi MMM pe retire li lerla mo get comments. Ek sa li imminent.,0.0,0.0,True,correct
test,Un des 60 voleurs de pension sans l'amour propre pas honter p vivre are la sueur des petits contribuables,Un des 60 voleurs de pension sans l'amour propre. Pas honte pe viv ar la sueur des petits contribuables.,Un des 60 voleurs de pension sans l'amour propre. Pas honte pe viv ar la sueur des petits contribuables.,0.0,0.0,True,correct
test,So ban garde du corp couma dire ti toutou li pas capav marche tout seul,So bann garde du corp kumadir ti toutou li pas kapav marse tu seul.,So bann garde du corp kumadir ti toutou li pas kapav marse tu seul.,0.0,0.0,True,correct
test,Besoin battre chauffeur la jusqu'à li desoule,Besoin bate chauffeur la jusqu'à li desoule.,Besoin bate chauffeur la jusqu'à li desoule.,0.0,0.0,True,correct
test,Hats off [NAME]. To p fer n zoli travay. Continier bro. Sensibilise la population,Hats off [NAME]. To pe fer enn zoli travail. Kontiyn brother. Sensibilise la population.,Hats off [NAME]. To pe fer enn zoli travail. Kontiyn brother. Sensibilise la population.,0.0,0.0,True,correct
test,Bravo. Tnn voter to bizin aider kot to truve ena blockage,Bravo. Tonn vote to bizin aide kot to truve ena blockage.,Bravo. Tonn vote to bizin aide kot to truve ena blockage.,0.0,0.0,True,correct
test,"[NAME], 1 fam ki laguerre pou twa ek 1 fam ki defane twa... Fer 1 demarse sa 2 fam la pas bate ensam..🫠","[NAME], 1 fam ki lager pu twa ek 1 fam ki defane twa... Fer 1 demarse sa 2 fam la pas bate ensam..🫠","[NAME], 1 fam ki lager pu twa ek 1 fam ki defane twa... Fer 1 demarse sa 2 fam la pas bate ensam..🫠",0.0,0.0,True,correct
test,Self confidence 100% 😁,Self confidence 100%. 😁,Self confidence 100%. 😁,0.0,0.0,True,correct
test,Mes sympathique a la famille li pas facile ou perdi n famille 🌹🙏🏼🙏🏼🙏🏼,Mes sympathique à la famille. Li pas facile ou perdi enn famille. 🌹🙏🏼🙏🏼🙏🏼,Mes sympathique à la famille. Li pas facile ou perdi enn famille. 🌹🙏🏼🙏🏼🙏🏼,0.0,0.0,True,correct
test,Nec pé montrer fillet ec bal qui faire pas montrer poisson la...,Nek pe montre fillet ek bal qui faire pas montre poisson la...,Nek pe montre fillet ek bal qui faire pas montre poisson la...,0.0,0.0,True,correct
test,"[NAME], c ki t p mo montrer la.... N pair vieux lagrain blanc sa..","[NAME], seki to pe mo montre la.... Enn pair vieux lagrain blanc sa..","[NAME], seki to pe mo montre la.... Enn pair vieux lagrain blanc sa..",0.0,0.0,True,correct
test,Li li manzze somon,Li li manze somon.,Li li manze somon.,0.0,0.0,True,correct
test,"[NAME], zot ggn a+ ladan 🤣","[NAME], zot gagne a+ ladan. 🤣","[NAME], zot gagne a+ ladan. 🤣",0.0,0.0,True,correct
test,"[NAME], 🤣🤣 hahaha bisin dire sa meme la","[NAME], 🤣🤣 hahaha bizin dire samem la.","[NAME], 🤣🤣 hahaha bizin dire samem la.",0.0,0.0,True,correct
test,Mo aret aste short ou boxer mo aste couche em,"Mo aret aste short ou boxer, mo aste couche mem.","Mo aret aste short ou boxer, mo aste couche mem.",0.0,0.0,True,correct
test,"Ouais, ton paolo.! Rente garage! Fine grand temps!","Ouais, ton Paolo.! Rantre garage! Finn grand tan!","Ouais, ton Paolo.! Rantre garage! Finn grand tan!",0.0,0.0,True,correct
test,Vive l'alliance du changment avec to law & order bancal et avec to macarena et ton plok,Viv l'alliance du changment avec to law & order bancal et avec to Macarena et ton plok.,Viv l'alliance du changment avec to law & order bancal et avec to Macarena et ton plok.,0.0,0.0,True,correct
test,Madam la bizin tir chapo r li. Li ena un xtra sang froid,Madam la bizin tire chapo ar li. Li ena un extra sang froid.,Madam la bizin tire chapo ar li. Li ena un extra sang froid.,0.0,0.0,True,correct
test,"[NAME], bhai mustang🤣","[NAME], bhai mustang.🤣","[NAME], bhai mustang.🤣",0.0,0.0,True,correct
test,Pu patient pas bourer,Pu patient pas boure.,Pu patient pas boure.,0.0,0.0,True,correct
test,"[NAME], faut bien réfléchir avant de confier cet enfant à cette personne","[NAME], faut bien réfléchir avant de confier cet enfant à cette personne.","[NAME], faut bien réfléchir avant de confier cet enfant à cette personne.",0.0,0.0,True,correct
test,Tou sa temp la mne res veg pou narien,Tusa tan la mon res veg pu nanyin.,Tusa tan la mon res veg pu nanyin.,0.0,0.0,True,correct
test,Humouriste vinne humoutriste!,Humouriste vinn humoutriste!,Humouriste vinn humoutriste!,0.0,0.0,True,correct
test,"[NAME], dimouns p croire journal independent sa. 🤣🤣 zot pas p kone ehsan so journal sa, fr propagande","[NAME], dimunn pe croire journal independent sa. 🤣🤣 Zot pas pe kone Ehsan so journal sa, fer propagande.","[NAME], dimunn pe croire journal independent sa. 🤣🤣 Zot pas pe kone Ehsan so journal sa, fer propagande.",0.0,0.0,True,correct
test,"[NAME], zott la kisana","[NAME], zot la kisanla?","[NAME], zot la kisanla?",0.0,0.0,True,correct
test,Kan pou fer ene test pou banne ki roule ene e-bicycle ki ena moteur ki bisin charge avant alle lor laroute. Bisin at least demande zotte ene learner parseki zot servi laroute ki ena tous kalite vehicles ki paye assurance et zotte non,Kan pu fer enn test pu bann ki roule enn e-bicycle ki ena moteur ki bizin charge avant ale lor la route. Bizin at least demande zot enn learner parski zot servi la route ki ena tu kalite vehicles ki peye assurance et zot non.,Kan pu fer enn test pu bann ki roule enn e-bicycle ki ena moteur ki bizin charge avant ale lor la route. Bizin at least demande zot enn learner parski zot servi la route ki ena tu kalite vehicles ki peye assurance et zot non.,0.0,0.0,True,correct
test,Enn Bez la,Enn bez la.,Enn bez la.,0.0,0.0,True,correct
test,Aster 2 credit,Aster 2 credit.,Aster 2 credit.,0.0,0.0,True,correct
test,Bizin met ban déchets dan ban sac en plastic respect sa ban t workers la,Bizin met bann déchets dan bann sac en plastic. Respect sa bann to workers la.,Bizin met bann déchets dan bann sac en plastic. Respect sa bann to workers la.,0.0,0.0,True,correct
test,Bour zot noms ki fer initial bisin demasquer zot,Boure zot noms kifer initial? Bizin demasquer zot.,Boure zot noms kifer initial? Bizin demasquer zot.,0.0,0.0,True,correct
test,Apres 9 ans... Ti bizin poursuive to mem... Grand zafr to fine fr la... La qui to pou dire pendant 9 ans ti colle to la bouche tout..,Apre 9 ans... Ti bizin poursuive tomem... Grand zafer to finn fer la... La qui to pu dire pendant 9 ans ti colle to la bouche tu..,Apre 9 ans... Ti bizin poursuive tomem... Grand zafer to finn fer la... La qui to pu dire pendant 9 ans ti colle to la bouche tu..,0.0,0.0,True,correct
test,Sa meme pou ena la. Bsin aplik sa la loi ki ramgoolam in prononcer la aster la même. A. Cose n n'importe tou p souffert aster😩😩,Samem pu ena la. Bizin aplik sa la loi ki Ramgoolam inn prononce la aster lamem. Akoz enn n'importe tu pe souffert aster.😩😩,Samem pu ena la. Bizin aplik sa la loi ki Ramgoolam inn prononce la aster lamem. Akoz enn n'importe tu pe souffert aster.😩😩,0.0,0.0,True,correct
test,Van ine ggn létan 2 business days pu pez frein🤨,Van inn gagne letan 2 business days pu pez frein.🤨,Van inn gagne letan 2 business days pu pez frein.🤨,0.0,0.0,True,correct
test,Top net bisin renouveller tout le mois avec banne amelioration ki [NAME] pe suggere👍👍👍,Top net bizin renouveller tu le mois avec bann amelioration ki [NAME] pe suggere.👍👍👍,Top net bizin renouveller tu le mois avec bann amelioration ki [NAME] pe suggere.👍👍👍,0.0,0.0,True,correct
test,Enfin rien de nouvo. Public so securiT zero mm. Bel bel vision mais tipti problem pa kav resoudre,Enfin rien de nuvo. Public so sekirite zero mem. Bel bel vision mais tipti problem pa kapav resoudre.,Enfin rien de nuvo. Public so sekirite zero mem. Bel bel vision mais tipti problem pa kapav resoudre.,0.0,0.0,True,correct
test,Fer zot vine kaya 2.0,Fer zot vinn kaya 2.0.,Fer zot vinn kaya 2.0.,0.0,0.0,True,correct
test,"[NAME], mais lerla ou perdi tou vote!","[NAME], mais lerla ou perdi tu vote!","[NAME], mais lerla ou perdi tu vote!",0.0,0.0,True,correct
test,"li ti bizin ale work Pu CIA, CIA employ ban dimoune ki sociopath zot.","Li ti bizin ale work pu CIA, CIA employ bann dimunn ki sociopath zot.","Li ti bizin ale work pu CIA, CIA employ bann dimunn ki sociopath zot.",0.0,0.0,True,correct
test,"[NAME], ki coupable la? 😆 🤣 😂","[NAME], ki coupable la? 😆 🤣 😂","[NAME], ki coupable la? 😆 🤣 😂",0.0,0.0,True,correct
test,"Bann kinn vinn millionaire arr cryptomoney, met zot présence","Bann kinn vinn millionaire ar cryptomoney, met zot présence.","Bann kinn vinn millionaire ar cryptomoney, met zot présence.",0.0,0.0,True,correct
test,Manta lite human pas pe change. MO compren zot douleur bann freres,Manta lite human pas pe change. Mo konpran zot douleur bann frere.,Manta lite human pas pe change. Mo konpran zot douleur bann frere.,0.0,0.0,True,correct
test,Mange zot entre zot mem,Manze zot entre zot mem.,Manze zot entre zot mem.,0.0,0.0,True,correct
test,Gopia 2026,Gopia 2026.,Gopia 2026.,0.0,0.0,True,correct
test,Coumsa meme tout nous ban ministre ete humble 👏🏽,Kumsamem tu nous bann ministre ete humble. 👏🏽,Kumsamem tu nous bann ministre ete humble. 👏🏽,0.0,0.0,True,correct
test,Li mem pou fatiguer avc repone question. Banla pou demand li preuve mai tou in fini zis lir parol kuma li pou prouve sa. Li ouvert la bouche pou dir la veriter apre 9 ans li ena 1gran chance li usi li tasser la,Limem pu fatigue avec reponn question. Banla pu demande li preuve me tu inn fini zis lire parol kuma li pu prouve sa. Li ouvert la bouche pu dir la verite apre 9 ans li ena 1 gran chance li osi li tasse la.,Limem pu fatigue avec reponn question. Banla pu demande li preuve me tu inn fini zis lire parol kuma li pu prouve sa. Li ouvert la bouche pu dir la verite apre 9 ans li ena 1 gran chance li osi li tasse la.,0.0,0.0,True,correct
test,Ayo madam.. Pas vin maurice.. Malheur pou lor ou... Esperer ou pas gagne visa pou rentrer.,Ayo madam.. Pas vinn Maurice.. Malheur pu lor ou... Espere ou pas gagne visa pu rantre.,Ayo madam.. Pas vinn Maurice.. Malheur pu lor ou... Espere ou pas gagne visa pu rantre.,0.0,0.0,True,correct
test,Madam la p continuer nettoyer,Madam la pe kontiyn nettoyer.,Madam la pe kontiyn nettoyer.,0.0,0.0,True,correct
test,"[NAME], oune peur kisanla?","[NAME], ou peur kisanla?","[NAME], ou peur kisanla?",0.0,0.0,True,correct
test,Sorry mais mo franc moi kan pas capave gette zenfant prefere pas Gagne mem🤨😡😤,Sorry mais mo franc moi kan pas kapav get zanfan prefere pas gagne mem.🤨😡😤,Sorry mais mo franc moi kan pas kapav get zanfan prefere pas gagne mem.🤨😡😤,0.0,0.0,True,correct
test,Apre p vine koz combat contre la drogue,Apre pe vinn koze combat contre la drogue.,Apre pe vinn koze combat contre la drogue.,0.0,0.0,True,correct
test,Guet so laguel 1 kout 😅,Get so lagel 1 kut. 😅,Get so lagel 1 kut. 😅,0.0,0.0,True,correct
test,Tout learner valable un maximum. Interdit 3 dimounes ou plus lors motocyclettes. Beaucoup vieux dimoune lors motocyclettes roule au milieu la route. En générale motocyclistes mauricien pas konne ralentir pour laisse priorité,Tu learner valable un maximum. Interdit 3 dimunn ou plus lor motocyclettes. Beaucoup vieux dimunn lor motocyclettes roule au milieu la route. En générale motocyclistes Mauricien pas kone ralentir pour laisse priorité.,Tu learner valable un maximum. Interdit 3 dimunn ou plus lor motocyclettes. Beaucoup vieux dimunn lor motocyclettes roule au milieu la route. En générale motocyclistes Mauricien pas kone ralentir pour laisse priorité.,0.0,0.0,True,correct
test,Dapre rol akz tou zafrr in mntE.. Li ti bzen 1 ou 2 piece loto pu s machine,Dapre role akoz tu zafer inn monte.. Li ti bizin 1 ou 2 piece loto pu so machine.,Dapre role akoz tu zafer inn monte.. Li ti bizin 1 ou 2 piece loto pu so machine.,0.0,0.0,True,correct
test,"[NAME], rentre par backing, pena meriter","[NAME], rantre par backing, pena merite.","[NAME], rantre par backing, pena merite.",0.0,0.0,True,correct
test,Bizin condamne la personne et pena pou renvoye case encore,Bizin condamne la personne et pena pu renvoye case encore.,Bizin condamne la personne et pena pu renvoye case encore.,0.0,0.0,True,correct
test,Li bliye couma service so fizi🤣,Li bliye kuma service so fizi.🤣,Li bliye kuma service so fizi.🤣,0.0,0.0,True,correct
test,"[NAME], ahhh bon?","[NAME], ah bon?","[NAME], ah bon?",0.0,0.0,True,correct
test,"[NAME], tire photo, avoye li bureau, svp.","[NAME], tire photo, avoy li bureau, svp.","[NAME], tire photo, avoy li bureau, svp.",0.0,0.0,True,correct
test,Zot fini re korek 😂,Zot fini re korek. 😂,Zot fini re korek. 😂,0.0,0.0,True,correct
test,Pli to vire paz to tro zimaz,Plis to vire paz to tro zimaz.,Plis to vire paz to tro zimaz.,0.0,0.0,True,correct
test,"[NAME], banla mm ti tap to la glass la","[NAME], banla mem ti tape to la glass la.","[NAME], banla mem ti tape to la glass la.",0.0,0.0,True,correct
test,"[NAME], 300 trop beaucoup","[NAME], 300 trop beaucoup.","[NAME], 300 trop beaucoup.",0.0,0.0,True,correct
test,Rode ene terrain et monte ene parking area with max height,Rode enn terrain et monte enn parking area with max height.,Rode enn terrain et monte enn parking area with max height.,0.0,0.0,True,correct
test,"P fr tou pu privatize sa, parey kouma inn fr fitness center","Pe fer tu pu privatize sa, pareil kuma inn fer fitness center.","Pe fer tu pu privatize sa, pareil kuma inn fer fitness center.",0.0,0.0,True,correct
test,"[NAME], boss, inn dir twa bizin revoir la loi","[NAME], boss, inn dir twa bizin revoir la loi.","[NAME], boss, inn dir twa bizin revoir la loi.",0.0,0.0,True,correct
test,Couma van entor la,Kuma van antor la?,Kuma van antor la?,0.0,0.0,True,correct
test,"[NAME], moisi m renferme li.. M tifi.. Tanki li pa vne grand ek kmprnd.. Ni avion, ni oken banal.. Mo pa pu amen li","[NAME], moisi mo renferme li.. Mo tifi.. Tanki li pa vinn grand ek konpran.. Ni avion, ni okenn banal.. Mo pa pu amenn li.","[NAME], moisi mo renferme li.. Mo tifi.. Tanki li pa vinn grand ek konpran.. Ni avion, ni okenn banal.. Mo pa pu amenn li.",0.0,0.0,True,correct
test,Al dodo do!,Ale dodo dow!,Ale dodo dow!,0.0,0.0,True,correct
test,Zot pas koner ki appel bann shift 👀👀👀👀👀👀,Zot pas kone ki apel bann shift. 👀👀👀👀👀👀,Zot pas kone ki apel bann shift. 👀👀👀👀👀👀,0.0,0.0,True,correct
test,L'important leker propre. Noune kone dan tard.,L'important leker propre. Nu kone dan tard.,L'important leker propre. Nu kone dan tard.,0.0,0.0,True,correct
test,si nou bane lekol ti koumsa ti pou bon,Si nu bann lekol ti kumsa ti pu bon.,Si nu bann lekol ti kumsa ti pu bon.,0.0,0.0,True,correct
test,"La nous kapav fer salmi pilchards, civet pilchards, pilchards rôti, bouillon pilchards, pizza pilchards","La nous kapav fer salmi pilchards, civet pilchards, pilchards rôti, bouillon pilchards, pizza pilchards.","La nous kapav fer salmi pilchards, civet pilchards, pilchards rôti, bouillon pilchards, pizza pilchards.",0.0,0.0,True,correct
test,Ki la bank du sang,Ki labank du sang?,Ki labank du sang?,0.0,0.0,True,correct
test,Met so nom et met1 deposition,Met so nom et met 1 deposition.,Met so nom et met 1 deposition.,0.0,0.0,True,correct
test,Good job.. Tiabon pa capav paye caution,Good job.. Tiabon pa kapav peye caution.,Good job.. Tiabon pa kapav peye caution.,0.0,0.0,True,correct
test,N blanc soucere,Enn blanc soucere.,Enn blanc soucere.,0.0,0.0,True,correct
test,"[NAME], mo pou done toisi lesson gratis","[NAME], mo pu donne toisi lesson gratis.","[NAME], mo pu donne toisi lesson gratis.",0.0,0.0,True,correct
test,Pas facil sa ou grandi 1 zenfan depi tipti aster 1 lot dimune sipa pa kne ki li boir sipa pa kne ki li fumé touiye ou zenfan lor chemin... Bizin pena caution pour sa ban dimune la. La sa papa la ki souffert la,Pas fasil sa ou grandi 1 zanfan depi tipti aster 1 lot dimunn sipa pa kone ki li bwar sipa pa kone ki li fume touy ou zanfan lor chemin... Bizin pena caution pour sa bann dimunn la. La sa papa la ki souffert la.,Pas fasil sa ou grandi 1 zanfan depi tipti aster 1 lot dimunn sipa pa kone ki li bwar sipa pa kone ki li fume touy ou zanfan lor chemin... Bizin pena caution pour sa bann dimunn la. La sa papa la ki souffert la.,0.0,0.0,True,correct
test,Enn canard boite ki pe krwar li nn phoenix,Enn canard boite ki pe krwar li enn Phoenix.,Enn canard boite ki pe krwar li enn Phoenix.,0.0,0.0,True,correct
test,Akozz canard sa 😆,Akoz canard sa. 😆,Akoz canard sa. 😆,0.0,0.0,True,correct
test,B ena encore cas p trouvé lor fb. V dir ena lezot encore???,B ena encore cas pe truve lor Facebook. Vdire ena lezot encore???,B ena encore cas pe truve lor Facebook. Vdire ena lezot encore???,0.0,0.0,True,correct
test,Cryptoking vin cryptopoil,Cryptoking vinn cryptopoil.,Cryptoking vinn cryptopoil.,0.0,0.0,True,correct
test,Mauricien fier de zot. Sa mem nou priorité la trap ti dimounn,Mauricien fier de zot. Samem nu priorité la trape ti dimunn.,Mauricien fier de zot. Samem nu priorité la trape ti dimunn.,0.0,0.0,True,correct
test,Pou tous kaliter macro pa rentrer 😜🤪,Pu tu kalite macro pa rantre. 😜🤪,Pu tu kalite macro pa rantre. 😜🤪,0.0,0.0,True,correct
test,Roshi so lesprit sa pa zot,Roshi so lespri sa pa zot.,Roshi so lespri sa pa zot.,0.0,0.0,True,correct
test,"Mettre li dans cellule degrisement, et largue li gramatin","Met li dans cellule degrisement, et largue li gramatin.","Met li dans cellule degrisement, et largue li gramatin.",0.0,0.0,True,correct
test,Combien points li gagner?,Combien points li gagne?,Combien points li gagne?,0.0,0.0,True,correct
test,"[NAME], gro chatwa","[NAME], gro chatwa.","[NAME], gro chatwa.",0.0,0.0,True,correct
test,Sabre la pou ça banne felone poudre d'or la sa,Sabre la pu sa bann felone poudre d'or la sa.,Sabre la pu sa bann felone poudre d'or la sa.,0.0,0.0,True,correct
test,Tne fini vine vieux to lesprit in vine faible.. Ki to ti pou kav rasser??,Tonn fini vinn vieux to lespri inn vinn faible.. Ki to ti pu kapav rase??,Tonn fini vinn vieux to lespri inn vinn faible.. Ki to ti pu kapav rase??,0.0,0.0,True,correct
test,Incroyable mais vrai,Incroyable mais vrai.,Incroyable mais vrai.,0.0,0.0,True,correct
test,Certain dimun ena 10 loto mais garage zot pena,Certain dimunn ena 10 loto mais garage zot pena.,Certain dimunn ena 10 loto mais garage zot pena.,0.0,0.0,True,correct
test,"In fini truv le vre meurtrier, c ou garson mem","Inn fini truve le vre meurtrier, se ou garson mem.","Inn fini truve le vre meurtrier, se ou garson mem.",0.0,0.0,True,correct
test,Hans ici si pou fr pareil la😒,Hans ici si pu fer pareil la.😒,Hans ici si pu fer pareil la.😒,0.0,0.0,True,correct
test,"[NAME], to ti pou lor zournal la","[NAME], to ti pu lor zournal la.","[NAME], to ti pu lor zournal la.",0.0,0.0,True,correct
test,"[NAME], ena letage ladans","[NAME], ena letaz ladan.","[NAME], ena letaz ladan.",0.0,0.0,True,correct
test,Qui faire pas mettre so nom,Qui faire pas met so nom?,Qui faire pas met so nom?,0.0,0.0,True,correct
test,Zot penser LA police pena travail zot pa humain zot,Zot pense la police pena travail. Zot pa humain zot.,Zot pense la police pena travail. Zot pa humain zot.,0.0,0.0,True,correct
test,Sunday moloyo pu la main puri,Sunday moloyo pu la main puri.,Sunday moloyo pu la main puri.,0.0,0.0,True,correct
test,"[NAME], ala bezer taler dimoune pou penser mo mari ça 😂 enfin to cousin","[NAME], ala bez taler dimunn pu pense mo mari sa 😂 enfin to cousin.","[NAME], ala bez taler dimunn pu pense mo mari sa 😂 enfin to cousin.",0.0,0.0,True,correct
test,"P encor done zot role apres p craze nu fess, mari chatwa mm sa","Pe ankor donne zot role apre pe kraze nu fesse, mari chatwa mem sa.","Pe ankor donne zot role apre pe kraze nu fesse, mari chatwa mem sa.",0.0,0.0,True,correct
test,"[NAME], heyyy [NAME] pa facile sa","[NAME], hey [NAME] pa facile sa.","[NAME], hey [NAME] pa facile sa.",0.0,0.0,True,correct
test,"[NAME], ena pet name macarena","[NAME], ena pet name Macarena.","[NAME], ena pet name Macarena.",0.0,0.0,True,correct
test,Normal vous ne vidé pas le contenaire pour les bouteilles plastiques pourtant ça rapporte de l'argent,Normal vous ne vidé pas le contenaire pour les bouteilles plastiques pourtant sa rapporte de l'argent.,Normal vous ne vidé pas le contenaire pour les bouteilles plastiques pourtant sa rapporte de l'argent.,0.0,0.0,True,correct
test,Sa episode juste wow,Sa episode just wow.,Sa episode just wow.,0.0,0.0,True,correct
test,Ti bizen pena travay sa,Ti bizin pena travail sa.,Ti bizin pena travail sa.,0.0,0.0,True,correct
test,"[NAME], toi to pa pe coze kk","[NAME], toi to pa pe koze kaka.","[NAME], toi to pa pe koze kaka.",0.0,0.0,True,correct
test,Partous arnaqers,Partu arnaqers.,Partu arnaqers.,0.0,0.0,True,correct
test,ARET GRINSE TO LAGUELLE TA,ARET GRINSE TO LAGEL TA.,ARET GRINSE TO LAGEL TA.,0.0,0.0,True,correct
test,Pou empess lichien al consilter,Pu anpes lisyin ale consilte.,Pu anpes lisyin ale consilte.,0.0,0.0,True,correct
test,"[NAME], la mange caviar ek langouste nous nous mange sardine ek pilchards","[NAME], la manze caviar ek langouste. Nous nous manze sardine ek pilchards.","[NAME], la manze caviar ek langouste. Nous nous manze sardine ek pilchards.",0.0,0.0,True,correct
test,Nous pou change government so la vie en 2029,Nous pu change government so lavi en 2029.,Nous pu change government so lavi en 2029.,0.0,0.0,True,correct
test,"Are sa kouyonade metéo la kapav perdi la vie, kan li dire gro soleils ve dire inondations","Ar sa kuyonad metéo la kapav perdi lavi, kan li dire gro soleils vdire inondations.","Ar sa kuyonad metéo la kapav perdi lavi, kan li dire gro soleils vdire inondations.",0.0,0.0,True,correct
test,Fromage? 🧀 chat ki p tirer ou lerat?,Fromage? 🧀 chat ki pe tire ou lerat?,Fromage? 🧀 chat ki pe tire ou lerat?,0.0,0.0,True,correct
test,Zamain ou inn tan dire ferme la porte dormi...🤷🏻...,Zame ou inn tande dire ferme la porte dormi...🤷🏻...,Zame ou inn tande dire ferme la porte dormi...🤷🏻...,0.0,0.0,True,correct
test,Trop triste🥺... Courage à la famille😔,Trop triste🥺... Courage à la famille.😔,Trop triste🥺... Courage à la famille.😔,0.0,0.0,True,correct
test,Mo croire ine arive ler pou fer seki bizin fer,Mo croire inn arrive ler pu fer seki bizin fer.,Mo croire inn arrive ler pu fer seki bizin fer.,0.0,0.0,True,correct
test,Toute longue to lavie to fine juste penser kuma to pour apauvrit banne morisien,Toute longue to lavi to finn just pense kuma to pour apauvrit bann Morisien.,Toute longue to lavi to finn just pense kuma to pour apauvrit bann Morisien.,0.0,0.0,True,correct
test,Rode ene terrain et monte ene parking area with max. Height,Rode enn terrain et monte enn parking area with max. Height.,Rode enn terrain et monte enn parking area with max. Height.,0.0,0.0,True,correct
test,Berenger fine casse so someil. B Navin p net dodo,Berenger finn kase so somey. B Navin pe net dodo.,Berenger finn kase so somey. B Navin pe net dodo.,0.0,0.0,True,correct
test,Eski pu fer alcohol test ek ban policier on duty🧐,Eski pu fer alcohol test ek bann policier on duty?🧐,Eski pu fer alcohol test ek bann policier on duty?🧐,0.0,0.0,True,correct
test,Kuma mo habitier dire. Foder ena cuyon pu malin cav vive,Kuma mo habitier dire. Fode ena kuyon pu malin kapav viv.,Kuma mo habitier dire. Fode ena kuyon pu malin kapav viv.,0.0,0.0,True,correct
test,Baron la drogue,Baron la drogue.,Baron la drogue.,0.0,0.0,True,correct
test,Savedir kan mo ti rest carem zamain mo ti carem 🥹😳😢,Savedir kan mo ti reste carem zame mo ti carem. 🥹😳😢,Savedir kan mo ti reste carem zame mo ti carem. 🥹😳😢,0.0,0.0,True,correct
test,Bizein bour li endans..! Fair musulman honter..! Principe o sa boug la,Bizin boure li endan..! Fer Musulman honte..! Principe o sa boug la.,Bizin boure li endan..! Fer Musulman honte..! Principe o sa boug la.,0.0,0.0,True,correct
test,Emplas monte prix metro kifer pas baisse prix bus?,Emplas monte prix metro kifer pas bese prix bus?,Emplas monte prix metro kifer pas bese prix bus?,0.0,0.0,True,correct
test,"[NAME], baratain🤣🤣","[NAME], baratain.🤣🤣","[NAME], baratain.🤣🤣",0.0,0.0,True,correct
test,Sa ban dimoune labas la ena problem la santer... Zot gagne gratter kan zot trouve la police 😂😂😂😂,Sa bann dimunn laba la ena problem la sante... Zot gagne grate kan zot truve la police. 😂😂😂😂,Sa bann dimunn laba la ena problem la sante... Zot gagne grate kan zot truve la police. 😂😂😂😂,0.0,0.0,True,correct
test,"[NAME], piscine plastics pour enfants c ki mo p apranne","[NAME], piscine plastics pour enfants seki mo pe aprann.","[NAME], piscine plastics pour enfants seki mo pe aprann.",0.0,0.0,True,correct
test,Karma will hit soon,Karma will hit soon.,Karma will hit soon.,0.0,0.0,True,correct
test,Et politiciens???,Et politiciens???,Et politiciens???,0.0,0.0,True,correct
test,Valeur du jours les materialism et sans moralité au dessus de la consciences spiritual,Valeur du jours les materialism et sans moralité au dessus de la consciences spiritual.,Valeur du jours les materialism et sans moralité au dessus de la consciences spiritual.,0.0,0.0,True,correct
test,"[NAME],.. Ounn gard ou sang froid... Samem inn sov ou.","[NAME],.. Ou garde ou sang froid... Samem inn sove ou.","[NAME],.. Ou garde ou sang froid... Samem inn sove ou.",0.0,0.0,True,correct
test,"[NAME], DIABLE VEILLE CAMPHE","[NAME], DIABLE VEILLE CAMPHE.","[NAME], DIABLE VEILLE CAMPHE.",0.0,0.0,True,correct
test,Pu virus pa rentrEE.,Pu virus pa rantre.,Pu virus pa rantre.,0.0,0.0,True,correct
test,So ban advisor p dne li mov info.. Bizin voyage dan bus ou osi boss,So bann advisor pe donne li move info.. Bizin voyage dan bus ou osi boss.,So bann advisor pe donne li move info.. Bizin voyage dan bus ou osi boss.,0.0,0.0,True,correct
test,en espérant ki zanffann la guéri vite 🙏,En espérant ki zanfan la guéri vite. 🙏,En espérant ki zanfan la guéri vite. 🙏,0.0,0.0,True,correct
test,Cot sabre la,Kot sabre la?,Kot sabre la?,0.0,0.0,True,correct
test,Tous comersant bien bizin gard ene sabre cot zot la caise... Kouma ene fatra nek rentré bez cout sabre brit... Apres ava gueter dan la cour,Tu comersant bien bizin garde enn sabre kot zot la caise... Kuma enn fatra nek rantre bez kut sabre brit... Apre ava get dan lakour.,Tu comersant bien bizin garde enn sabre kot zot la caise... Kuma enn fatra nek rantre bez kut sabre brit... Apre ava get dan lakour.,0.0,0.0,True,correct
test,"[NAME], ale lecole trankil banes toutouk zot.. 🤣🤣🤣","[NAME], ale lekol trankil bann toutouk zot.. 🤣🤣🤣","[NAME], ale lekol trankil bann toutouk zot.. 🤣🤣🤣",0.0,0.0,True,correct
test,Tou en poudre mem,Tu en poudre mem.,Tu en poudre mem.,0.0,0.0,True,correct
test,Employe plis personel afin ki tou kav ggn travail lor 1 shift raisonable... Pski arret service medical 24/7 li impensable sa.. A nimporte ki moment kav arrive 1 problem🤷‍♀️,Employe plis personel afin ki tu kapav gagne travail lor 1 shift raisonable... Parski aret service medical 24/7 li impensable sa.. A nerport ki moment kapav arrive 1 problem.🤷‍♀️,Employe plis personel afin ki tu kapav gagne travail lor 1 shift raisonable... Parski aret service medical 24/7 li impensable sa.. A nerport ki moment kapav arrive 1 problem.🤷‍♀️,0.0,0.0,True,correct
test,Boussou,Boussou.,Boussou.,0.0,0.0,True,correct
test,Les danger public faut enlever leur permis et voiture saisi definitivement,Les danger public faut enleve leur permis et voiture saisi definitivement.,Les danger public faut enleve leur permis et voiture saisi definitivement.,0.0,0.0,True,correct
test,Juste la mort q pu fer li ale,Just la mort qui pu fer li ale.,Just la mort qui pu fer li ale.,0.0,0.0,True,correct
test,ROLE COAST GUARD KIETERRR???,ROLE COAST GUARD KIETE???,ROLE COAST GUARD KIETE???,0.0,0.0,True,correct
test,"[NAME], ine aret pren poule aster, li pren canard","[NAME], inn aret pran poule aster, li pran canard.","[NAME], inn aret pran poule aster, li pran canard.",0.0,0.0,True,correct
test,Eski la defunte pna ene membre de la famille ki pou kpave pren en charge sa bébé la?? Mo pa senti ki sa zenfant la pou korek ek sa canibal la so famille,Eski la defunte pena enn membre de la famille ki pu kapav pran en charge sa bébé la?? Mo pa senti ki sa zanfan la pu korek ek sa kanibal la so famille.,Eski la defunte pena enn membre de la famille ki pu kapav pran en charge sa bébé la?? Mo pa senti ki sa zanfan la pu korek ek sa kanibal la so famille.,0.0,0.0,True,correct
test,Les guignols des casernes..🥴,Les guignols des Casernes..🥴,Les guignols des Casernes..🥴,0.0,0.0,True,correct
test,Crypto li haraam alors bizin eloigner avec sa,Crypto li haraam alors bizin eloigner avec sa.,Crypto li haraam alors bizin eloigner avec sa.,0.0,0.0,True,correct
test,Van la p rod l'assurance sa,Van la pe rode l'assurance sa.,Van la pe rode l'assurance sa.,0.0,0.0,True,correct
test,B la ki zot pou fer avec sa bane poisson la,B la ki zot pu fer avec sa bann poisson la?,B la ki zot pu fer avec sa bann poisson la?,0.0,0.0,True,correct
test,Nuvo wi pu public b zot mem pa res p narien,"Nuvo wi pu public, b zot mem pa res pe nanyin.","Nuvo wi pu public, b zot mem pa res pe nanyin.",0.0,0.0,True,correct
test,"[NAME], saki ti p rod amen cigarette laa. In prend 1 pou fumer tousa zeffort li fr laa😂","[NAME], seki ti pe rode amenn cigarette la. Inn prend 1 pu fume tusa zefor li fer la.😂","[NAME], seki ti pe rode amenn cigarette la. Inn prend 1 pu fume tusa zefor li fer la.😂",0.0,0.0,True,correct
test,Headquarter la Police pa Caserne sa?,Headquarter la police pa Casernes sa?,Headquarter la police pa Casernes sa?,0.0,0.0,True,correct
test,B sayer 1 fois,B sayer 1 fois.,B sayer 1 fois.,0.0,0.0,True,correct
test,Kan mo dir où ’karma’ p vini 🫵,Kan mo dir ou ’karma’ pe vini. 🫵,Kan mo dir ou ’karma’ pe vini. 🫵,0.0,0.0,True,correct
test,"[NAME], bizin met gros l'amende... Nek laguerre tou le jours","[NAME], bizin met gros l'amende... Nek lager tulezur.","[NAME], bizin met gros l'amende... Nek lager tulezur.",0.0,0.0,True,correct
test,Eski pu amene sa comme alibi dans la cour ou zot famille pu alle bourer,Eski pu amenn sa comme alibi dans lakour ou zot famille pu ale boure?,Eski pu amenn sa comme alibi dans lakour ou zot famille pu ale boure?,0.0,0.0,True,correct
test,"Mo croire apres cotomili rentrer, pou ena lock out","Mo croire apre cotomili rantre, pu ena lock out.","Mo croire apre cotomili rantre, pu ena lock out.",0.0,0.0,True,correct
test,Policier la enfant li,Policier la enfant li.,Policier la enfant li.,0.0,0.0,True,correct
test,Hats off to you li pas facile vraiment sa boulot,Hats off to you. Li pas facile vraiment sa boulot.,Hats off to you. Li pas facile vraiment sa boulot.,0.0,0.0,True,correct
test,"[NAME], sa bien dire sa👍👍","[NAME], sa bien dire sa.👍👍","[NAME], sa bien dire sa.👍👍",0.0,0.0,True,correct
test,Boss zoin mw... Mo fr ou trv la justice,Boss zwen mwa... Mo fer ou truve la justice.,Boss zwen mwa... Mo fer ou truve la justice.,0.0,0.0,True,correct
test,"[NAME], pa encor developper","[NAME], pa ankor developper.","[NAME], pa ankor developper.",0.0,0.0,True,correct
test,Incompetent dan tou secteur mem dan leducation!!!,Incompetent dan tu secteur mem dan ledikasyon!!!,Incompetent dan tu secteur mem dan ledikasyon!!!,0.0,0.0,True,correct
test,Hey pa fair sa mo pa encor al dan sa bis la,"Hey pa fer sa, mo pa ankor ale dan sa bis la.","Hey pa fer sa, mo pa ankor ale dan sa bis la.",0.0,0.0,True,correct
test,Ki ete sa enkor,Ki ete sa ankor?,Ki ete sa ankor?,0.0,0.0,True,correct
test,"De tte façon cyclone la vine ziss weekend sa, li vine promener apres li aller dimanche tanto... Lundi reprend normal🤣","De toute façon cyclone la vinn zis weekend sa, li vinn promener apre li ale dimanche tanto... Lundi reprend normal.🤣","De toute façon cyclone la vinn zis weekend sa, li vinn promener apre li ale dimanche tanto... Lundi reprend normal.🤣",0.0,0.0,True,correct
test,Ki ministère to occupE?,Ki ministère to occupe?,Ki ministère to occupe?,0.0,0.0,True,correct
test,Faire un système abonnement avec un prix pou dimoune content,Faire un système abonnement avec un prix pu dimunn kontan.,Faire un système abonnement avec un prix pu dimunn kontan.,0.0,0.0,True,correct
test,"[NAME], to p penser to p zwer cod??","[NAME], to pe pense to pe zwe cod??","[NAME], to pe pense to pe zwe cod??",0.0,0.0,True,correct
test,Parce ki zotte pas alle gette li faire so comic,Parski zot pas ale get li faire so comik.,Parski zot pas ale get li faire so comik.,0.0,0.0,True,correct
test,Re confinement,Re confinement.,Re confinement.,0.0,0.0,True,correct
test,cki ena bel lakaz ki pu gagne sa enkor,Seki ena bel lakaz ki pu gagne sa ankor.,Seki ena bel lakaz ki pu gagne sa ankor.,0.0,0.0,True,correct
test,Ni la banque ena nom ni employee ena nom. Es ki li bizarre sa?,Ni la banque ena nom ni employee ena nom. Eski li bizar sa?,Ni la banque ena nom ni employee ena nom. Eski li bizar sa?,0.0,0.0,True,correct
test,"partou kot ena cambridge exams sa. dans linde, pakistan, malaysie tou pareille","Partu kot ena Cambridge exams sa. Dans Inde, Pakistan, Malaysie tu pareil.","Partu kot ena Cambridge exams sa. Dans Inde, Pakistan, Malaysie tu pareil.",0.0,0.0,True,correct
test,Moi pas chagrin ban testé positif lor volant. Sorry,Moi pas chagrin bann testé positif lor volant. Sorry.,Moi pas chagrin bann testé positif lor volant. Sorry.,0.0,0.0,True,correct
test,Que des beaux discour 😂😂😂,Que des beaux discour. 😂😂😂,Que des beaux discour. 😂😂😂,0.0,0.0,True,correct
test,Bisin kasse so la main vrememe sa coup la,Bizin kase so la main vremem sa kut la.,Bizin kase so la main vremem sa kut la.,0.0,0.0,True,correct
test,Arette guette film lor netflix,Aret get film lor Netflix.,Aret get film lor Netflix.,0.0,0.0,True,correct
test,Ki li p pense bangladesh ici..,Ki li pe pense Bangladesh ici..,Ki li pe pense Bangladesh ici..,0.0,0.0,True,correct
test,Sa veut dire bizin ine enregistrer bane cas dans Moris 😑,Sa veut dire bizin inn enregistre bann cas dans Moris. 😑,Sa veut dire bizin inn enregistre bann cas dans Moris. 😑,0.0,0.0,True,correct
test,express to ti labas tone trouver?? p tire fusil to pane trouver??,Express to ti laba tonn truve?? Pe tire fusil to pann truve??,Express to ti laba tonn truve?? Pe tire fusil to pann truve??,0.0,0.0,True,correct
test,Dragon p crache du feu,Dragon pe crache du feu.,Dragon pe crache du feu.,0.0,0.0,True,correct
test,Aster la si li dire sa.... Suremen li pa en bon term r zot aster,Aster la si li dire sa.... Surement li pa en bon term ar zot aster.,Aster la si li dire sa.... Surement li pa en bon term ar zot aster.,0.0,0.0,True,correct
test,Ki lanné sah svp,Ki lane sa svp?,Ki lane sa svp?,0.0,0.0,True,correct
test,B BANE POISSON EK BANE ANGUILLE LABA LA... VEG SA SVP?? 😌,B BANN POISSON EK BANN ANGUILLE LABA LA... VEG SA SVP?? 😌,B BANN POISSON EK BANN ANGUILLE LABA LA... VEG SA SVP?? 😌,0.0,0.0,True,correct
test,Fizi delo sa ton,Fizi dilo sa ton.,Fizi dilo sa ton.,0.0,0.0,True,correct
test,"[NAME], mo ti douter employees..","[NAME], mo ti doute employees..","[NAME], mo ti doute employees..",0.0,0.0,True,correct
test,Tir sa dooo. P fini nou cassse,Tire sa dow. Pe fini nu kase.,Tire sa dow. Pe fini nu kase.,0.0,0.0,True,correct
test,"Sa bann crypto qnet, dollars jet, ponzi scheme, pyramid scheme,,, tou fausse net sa... Bizin are sa bann mafia la","Sa bann crypto qnet, dollars jet, ponzi scheme, pyramid scheme, tu fausse net sa... Bizin ar sa bann mafia la.","Sa bann crypto qnet, dollars jet, ponzi scheme, pyramid scheme, tu fausse net sa... Bizin ar sa bann mafia la.",0.0,0.0,True,correct
test,Sofer pa cav roule la haut 110 lor ene sime ki ena rush ale fer sa sime nef. La si li ti pu touye innocent la dans place camion ti 1 dimoune sapa 1 enfant. Taaa met seryer ban sofer soi si to en retard apran sorti boner,Sofer pa kapav roule la haut 110 lor enn sime ki ena rush ale fer sa sime nef. La si li ti pu touy innocent ladan place camion ti 1 dimunn sapa 1 enfant. Ta met serye bann sofer soi si to en retard aprann sorti boner.,Sofer pa kapav roule la haut 110 lor enn sime ki ena rush ale fer sa sime nef. La si li ti pu touy innocent ladan place camion ti 1 dimunn sapa 1 enfant. Ta met serye bann sofer soi si to en retard aprann sorti boner.,0.0,0.0,True,correct
test,Après 9ans ki li dire sa?,Après 9 ans ki li dire sa?,Après 9 ans ki li dire sa?,0.0,0.0,True,correct
test,Avocat la mem 1 nerport sa et li 1 membre Gang du Sud et zot Avocat perso,Avocat lamem 1 nerport sa et li 1 membre Gang du Sud et zot avocat perso.,Avocat lamem 1 nerport sa et li 1 membre Gang du Sud et zot avocat perso.,0.0,0.0,True,correct
test,Manman bien smart,Manman bien smart.,Manman bien smart.,0.0,0.0,True,correct
test,"[NAME], ban la ine vine kouma dir ki kantité coupab mo kpv fer liberer lor caution sa mois la?","[NAME], banla inn vinn kumadir ki kantite coupable mo kapav fer liberer lor caution sa mois la?","[NAME], banla inn vinn kumadir ki kantite coupable mo kapav fer liberer lor caution sa mois la?",0.0,0.0,True,correct
test,Bizin éna 1 l'assurance pour couvert ek protège zot clients,Bizin ena 1 l'assurance pour couvert ek protège zot clients.,Bizin ena 1 l'assurance pour couvert ek protège zot clients.,0.0,0.0,True,correct
test,"[NAME], fini ggne 1 ans... Si ti ena kitchose pas ti bizin fer l'enquête... Et convoc li","[NAME], fini gagne 1 ans... Si ti ena kitsoz pas ti bizin fer l'enquête... Et convoc li.","[NAME], fini gagne 1 ans... Si ti ena kitsoz pas ti bizin fer l'enquête... Et convoc li.",0.0,0.0,True,correct
test,"[NAME], li p fer tou couma pour to cash","[NAME], li pe fer tu kuma pour to cash.","[NAME], li pe fer tu kuma pour to cash.",0.0,0.0,True,correct
test,Bizin koner ki lopital,Bizin kone ki lopital.,Bizin kone ki lopital.,0.0,0.0,True,correct
test,"[NAME], veut dire zelev ine vine moin malin","[NAME], veut dire zelev inn vinn moin malin.","[NAME], veut dire zelev inn vinn moin malin.",0.0,0.0,True,correct
test,Enfin grand merci reusi decouver sa,Enfin grand merci resi decouver sa.,Enfin grand merci resi decouver sa.,0.0,0.0,True,correct
test,Mett nom svp,Met nom svp.,Met nom svp.,0.0,0.0,True,correct
test,"[NAME], pna prise pou met sarzere","[NAME], pena prise pu met sarzere.","[NAME], pena prise pu met sarzere.",0.0,0.0,True,correct
test,Bizin Faire 1 way partout,Bizin faire 1 way partu.,Bizin faire 1 way partu.,0.0,0.0,True,correct
test,"ala to changement, ala to rupture ki ti promet toi","Ala to changement, ala to rupture ki ti promet toi.","Ala to changement, ala to rupture ki ti promet toi.",0.0,0.0,True,correct
test,manque role,Manque role.,Manque role.,0.0,0.0,True,correct
test,Pena ene possibilité met la trape pou politiciens svp???,Pena enn possibilité met la trape pu politiciens svp???,Pena enn possibilité met la trape pu politiciens svp???,0.0,0.0,True,correct
test,Eski ena lecole demain,Eski ena lekol demain?,Eski ena lekol demain?,0.0,0.0,True,correct
test,"[NAME], 100 % dacord avec vous","[NAME], 100 % dakor avec vous.","[NAME], 100 % dakor avec vous.",0.0,0.0,True,correct
test,[NAME] kot inn mette sa,[NAME] kot inn met sa?,[NAME] kot inn met sa?,0.0,0.0,True,correct
test,penann role,Pena role.,Pena role.,0.0,0.0,True,correct
test,"[NAME], jour fortes pluies la li tir avis veille lassi....😉😀","[NAME], jour fortes pluies la li tire avis veille lasi....😉😀","[NAME], jour fortes pluies la li tire avis veille lasi....😉😀",0.0,0.0,True,correct
test,😂😂😂 fairr to piti vinne doctor après to fairr donation so la vie l’hôpital. Kand to pas cav fairr li pas vinne rode donation la vie lezot dimoune so zenfant. Claire?,😂😂😂 fer to piti vinn doctor après to fer donation so lavi l’hôpital. Kan to pas kapav fer li pas vinn rode donation lavi lezot dimunn so zanfan. Claire?,😂😂😂 fer to piti vinn doctor après to fer donation so lavi l’hôpital. Kan to pas kapav fer li pas vinn rode donation lavi lezot dimunn so zanfan. Claire?,0.0,0.0,True,correct
test,N kkliki dan boite tomate,Enn kakaliki dan boite tomate.,Enn kakaliki dan boite tomate.,0.0,0.0,True,correct
test,Mentalités dimoune ziss lire zot bane commentaires montrer à qui point société la va mal. Si ti zot fami mo ti pou content geuter couma zot réagir dans ene situation ainsi,Mentalités dimunn zis lire zot bann commentaires montre à qui point société la va mal. Si ti zot fami mo ti pu kontan get kuma zot réagir dans enn situation ainsi.,Mentalités dimunn zis lire zot bann commentaires montre à qui point société la va mal. Si ti zot fami mo ti pu kontan get kuma zot réagir dans enn situation ainsi.,0.0,0.0,True,correct
test,La mer pu nou.. Nu gagne droit la peche... Taiwanais p baize nu poisson... Aret rode role coast guard,La mer pu nu.. Nu gagne droit lapess... Taiwanais pe bez nu poisson... Aret rode role coast guard.,La mer pu nu.. Nu gagne droit lapess... Taiwanais pe bez nu poisson... Aret rode role coast guard.,0.0,0.0,True,correct
test,"[NAME], exact zot title pa reflet vrai revendication","[NAME], exact zot title pa reflet vrai revendication.","[NAME], exact zot title pa reflet vrai revendication.",0.0,0.0,True,correct
test,"Meme camion la entor, si van la pa ti pe en voler, li ti kpav eviter","Mem camion la antor, si van la pa ti pe en voler, li ti kapav evite.","Mem camion la antor, si van la pa ti pe en voler, li ti kapav evite.",0.0,0.0,True,correct
test,Cambridge ti fini faire conner ki correction pou pli severe ki pendant covid,Cambridge ti fini faire kone ki correction pu plis severe ki pendant Covid.,Cambridge ti fini faire kone ki correction pu plis severe ki pendant Covid.,0.0,0.0,True,correct
test,Li ti p pense fam ki sa,Li ti pe pense fam ki sa.,Li ti pe pense fam ki sa.,0.0,0.0,True,correct
test,Pour moi bizin ena la main bane missier la aussi ladan,Pour moi bizin ena la main bann misye la aussi ladan.,Pour moi bizin ena la main bann misye la aussi ladan.,0.0,0.0,True,correct
test,connector tou?,Connector tu?,Connector tu?,0.0,0.0,True,correct
test,Ki la banque???,Ki la banque???,Ki la banque???,0.0,0.0,True,correct
test,Bizin met 1 laloi pou sa sino piss r zt...,Bizin met 1 lalwa pu sa sinon piss ar zot...,Bizin met 1 lalwa pu sa sinon piss ar zot...,0.0,0.0,True,correct
test,Bane ki bizin fini prend retrait enkor la.... Apres zot coz grand cosé. Donne bon lexample zot meme,Bann ki bizin fini prend retrait ankor la.... Apre zot koze grand koze. Donne bon legzanp zot mem.,Bann ki bizin fini prend retrait ankor la.... Apre zot koze grand koze. Donne bon legzanp zot mem.,0.0,0.0,True,correct
test,Bravo bon travail,Bravo bon travail.,Bravo bon travail.,0.0,0.0,True,correct
test,C lui mem ki fine dir tou et avoué ceki line fair dimoun subir avc sa bouche alor... C la vérité,Se lui mem ki finn dir tu et avoue seki linn fer dimunn subir avec sa bouche alor... Se la vérité.,Se lui mem ki finn dir tu et avoue seki linn fer dimunn subir avec sa bouche alor... Se la vérité.,0.0,0.0,True,correct
test,Humain n race sovaz terrible...... Li pa kpv guet narien trankil........ Oken zanimo pa kpv viv trankil akz humain......,Humain enn race sovaz terrible...... Li pa kapav get nanyin trankil........ Okenn zanimo pa kapav viv trankil akoz humain......,Humain enn race sovaz terrible...... Li pa kapav get nanyin trankil........ Okenn zanimo pa kapav viv trankil akoz humain......,0.0,0.0,True,correct
test,Ki nou p nourri,Ki nu pe nouri?,Ki nu pe nouri?,0.0,0.0,True,correct
test,"[NAME], ki mo pou toi fi! A la santé de 2026! 🥂😁😂🤣😂","[NAME], ki mo pu toi fi! A la santé de 2026! 🥂😁😂🤣😂","[NAME], ki mo pu toi fi! A la santé de 2026! 🥂😁😂🤣😂",0.0,0.0,True,correct
test,Visit surprise selman tou journalist kner😐,Visit surprise selma tu journalist kone.😐,Visit surprise selma tu journalist kone.😐,0.0,0.0,True,correct
test,Respect mo frere,Respect mo frere.,Respect mo frere.,0.0,0.0,True,correct
test,"[NAME], kifr p donne half news kisanla zot p proteger","[NAME], kifer pe donne half news? Kisanla zot pe protez?","[NAME], kifer pe donne half news? Kisanla zot pe protez?",0.0,0.0,True,correct
test,Madame pren ou piti amen ou lakaz,Madame pran ou piti amenn ou lakaz.,Madame pran ou piti amenn ou lakaz.,0.0,0.0,True,correct
test,Camion la en tort,Camion la en tort.,Camion la en tort.,0.0,0.0,True,correct
test,Lamour de largents trop for pou ban politicien pou zot ferme frontière,Lamour de larzan trop for pu bann politicien pu zot ferme frontière.,Lamour de larzan trop for pu bann politicien pu zot ferme frontière.,0.0,0.0,True,correct
test,"[NAME], govt kinn dir sa couple la fer sa? Govt kinn avoy sa tifi la al fer babysitting kot sa couple? Hey mett seryer dow..😅","[NAME], guvernman kinn dir sa couple la fer sa? Guvernman kinn avoy sa tifi la ale fer babysitting kot sa couple? Hey met serye dow..😅","[NAME], guvernman kinn dir sa couple la fer sa? Guvernman kinn avoy sa tifi la ale fer babysitting kot sa couple? Hey met serye dow..😅",0.0,0.0,True,correct
test,Bizin again mem sa,Bizin again mem sa.,Bizin again mem sa.,0.0,0.0,True,correct
test,Vine lor mbc... Tappe lor la table.... Met en avant ou strategies...,Vinn lor MBC... Tape lor la table.... Met en avant ou strategies...,Vinn lor MBC... Tape lor la table.... Met en avant ou strategies...,0.0,0.0,True,correct
test,Curepipe a Port Louis Rs 44 boss,Curepipe a Port Louis Rs44 boss.,Curepipe a Port Louis Rs44 boss.,0.0,0.0,True,correct
test,Bien bizin ignore sa ban dimun la.,Bien bizin ignore sa bann dimunn la.,Bien bizin ignore sa bann dimunn la.,0.0,0.0,True,correct
test,Coupe lor permit a points sa?,Coupe lor permis a points sa?,Coupe lor permis a points sa?,0.0,0.0,True,correct
test,Tousala dan pumpa😊😊🥺😋😋😂,Tusala dan pumpa.😊😊🥺😋😋😂,Tusala dan pumpa.😊😊🥺😋😋😂,0.0,0.0,True,correct
test,Madam la cool net li.,Madam la cool net li.,Madam la cool net li.,0.0,0.0,True,correct
test,Si ena p croire sa bane prophètes sorti l'afrique la. P vine fer bel bel video pou fer dimune vine l'église zis pou baize cash morisien. Li a. C logik ki zot pa pou suive cryptoplok vous otre,Si ena pe croire sa bann prophètes sorti l'Afrique la. Pe vinn fer bel bel video pu fer dimunn vinn l'église zis pu bez cash Morisien. Li ase logik ki zot pa pu suive cryptoplok vous otre.,Si ena pe croire sa bann prophètes sorti l'Afrique la. Pe vinn fer bel bel video pu fer dimunn vinn l'église zis pu bez cash Morisien. Li ase logik ki zot pa pu suive cryptoplok vous otre.,0.0,0.0,True,correct
test,Ki mo bizin faire,Ki mo bizin faire?,Ki mo bizin faire?,0.0,0.0,True,correct
test,"[NAME], b dire ou kamouad ale la peche dauphin la et li mange li, et basta","[NAME], b dire ou kamarad ale lapess dauphin la et li manze li, et basta.","[NAME], b dire ou kamarad ale lapess dauphin la et li manze li, et basta.",0.0,0.0,True,correct
test,Gran merci li pane touye innocent,Gran merci li pann touy innocent.,Gran merci li pann touy innocent.,0.0,0.0,True,correct
test,Aret fer vilain do,Aret fer vilain dow.,Aret fer vilain dow.,0.0,0.0,True,correct
test,Mm si li vre ou croire la police pou capav prouve sa zordi..???,Mem si li vre ou croire la police pu kapav prouve sa zordi..???,Mem si li vre ou croire la police pu kapav prouve sa zordi..???,0.0,0.0,True,correct
test,Rod clinik tujur... Pou ggne malaise la,Rode clinik tuzur... Pu gagne malaise la.,Rode clinik tuzur... Pu gagne malaise la.,0.0,0.0,True,correct
test,"[NAME], li mem sa! Acoz li mem sa","[NAME], limem sa! Akoz limem sa.","[NAME], limem sa! Akoz limem sa.",0.0,0.0,True,correct
test,To banne la police pe cachiete au lieu travaille ale verifier... Assez bla bla bla..,To bann la police pe kasyet au lieu travail ale verifie... Assez bla bla bla..,To bann la police pe kasyet au lieu travail ale verifie... Assez bla bla bla..,0.0,0.0,True,correct
test,Negligence parental ena fois parents marche dan bord et tipti coter machine passer,Negligence parental. Ena fois parents marse dan bord et tipti kot machine passe.,Negligence parental. Ena fois parents marse dan bord et tipti kot machine passe.,0.0,0.0,True,correct
test,Lin fou mo koir sa,Linn fou mo krwar sa.,Linn fou mo krwar sa.,0.0,0.0,True,correct
test,"[NAME], merci li pas fine tap avec kiken","[NAME], merci li pas finn tape avec kiken.","[NAME], merci li pas finn tape avec kiken.",0.0,0.0,True,correct
test,Maman soutire pitii la,Maman sutire piti la.,Maman sutire piti la.,0.0,0.0,True,correct
test,1 roder role sa swindler deguiser sa lopet la,1 rode role sa swindler deguiser sa lopet la.,1 rode role sa swindler deguiser sa lopet la.,0.0,0.0,True,correct
test,Deepest regrets courazz sa fami la rip,Deepest regrets. Couraz sa fami la. RIP.,Deepest regrets. Couraz sa fami la. RIP.,0.0,0.0,True,correct
test,"[NAME], get twa get twa","[NAME], get twa, get twa.","[NAME], get twa, get twa.",0.0,0.0,True,correct
test,"[NAME], tout figir gater😂🤣","[NAME], tu figure gate.😂🤣","[NAME], tu figure gate.😂🤣",0.0,0.0,True,correct
test,To rester to pas rester kot mo problem ladans bientot zot tout pou aller là,To reste to pas reste kot mo problem ladan. Bientot zot tu pu ale la.,To reste to pas reste kot mo problem ladan. Bientot zot tu pu ale la.,0.0,0.0,True,correct
test,Ressit 1 subject exam psac so consequence sa capav... Astere pensé ena 3 sujet capav ressit psac!!!!,Resit 1 subject exam PSAC so consequence sa kapav... Aster pense ena 3 sujet kapav resit PSAC!!!!,Resit 1 subject exam PSAC so consequence sa kapav... Aster pense ena 3 sujet kapav resit PSAC!!!!,0.0,0.0,True,correct
test,Li tii soif 🤣🤣,Li ti soif. 🤣🤣,Li ti soif. 🤣🤣,0.0,0.0,True,correct
test,Dan 4 ans nou pou tire zot. Maja karo... 4 ans vite vite passe sa,Dan 4 ans nu pu tire zot. Maja karo... 4 ans vite vite passe sa.,Dan 4 ans nu pu tire zot. Maja karo... 4 ans vite vite passe sa.,0.0,0.0,True,correct
test,"[NAME], lor laplage si pa desan? 😝😝","[NAME], lor laplage si pa desan? 😝😝","[NAME], lor laplage si pa desan? 😝😝",0.0,0.0,True,correct
test,"[NAME], ki procedure boss should we donate one","[NAME], ki procedure boss? Should we donate one?","[NAME], ki procedure boss? Should we donate one?",0.0,0.0,True,correct
test,"Majorite auto ecole montrer kuma pou gagne license, pa pou vine bon chaffeurs..🤔🤔🤔","Majorite auto ecole montre kuma pu gagne license, pa pu vinn bon chaffeurs..🤔🤔🤔","Majorite auto ecole montre kuma pu gagne license, pa pu vinn bon chaffeurs..🤔🤔🤔",0.0,0.0,True,correct
test,Sa oci ena!!!! 😱😱😱😱 🤦🏻‍♀️,Sa osi ena!!!! 😱😱😱😱 🤦🏻‍♀️,Sa osi ena!!!! 😱😱😱😱 🤦🏻‍♀️,0.0,0.0,True,correct
test,To pu vini rod vot,To pu vini rode vote.,To pu vini rode vote.,0.0,0.0,True,correct
test,"Comier cash minicipalité in gner r sa, sa zot pa kozé lao 500 marchand par 4000","Komie cash minicipalité inn gagne ar sa, sa zot pa koze lao 500 marchand par 4000.","Komie cash minicipalité inn gagne ar sa, sa zot pa koze lao 500 marchand par 4000.",0.0,0.0,True,correct
test,Tiktok,TikTok.,TikTok.,0.0,0.0,True,correct
test,B la ki zot pou fer avec sa bane poisson la?,B la ki zot pu fer avec sa bann poisson la?,B la ki zot pu fer avec sa bann poisson la?,0.0,0.0,True,correct
test,Pas tardé pas tardé,"Pas tarde, pas tarde.","Pas tarde, pas tarde.",0.0,0.0,True,correct
test,"[NAME], merde 🤣","[NAME], merde. 🤣","[NAME], merde. 🤣",0.0,0.0,True,correct
test,"Bizin conner ki faire après 9 ans, sa ki li pli bizin expliquer","Bizin kone kifer après 9 ans, seki li plis bizin eksplik.","Bizin kone kifer après 9 ans, seki li plis bizin eksplik.",0.0,0.0,True,correct
test,Get zot zar pas pou travail,Get zot zar pas pu travail.,Get zot zar pas pu travail.,0.0,0.0,True,correct
test,Non li ti fini payer li... Lerla lin al prnd.🫳,Non li ti fini peye li... Lerla linn ale pran.🫳,Non li ti fini peye li... Lerla linn ale pran.🫳,0.0,0.0,True,correct
test,BAn pena role,Bann pena role.,Bann pena role.,0.0,0.0,True,correct
test,Bez kas ar tini suspense,Bez kas ar tini suspense.,Bez kas ar tini suspense.,0.0,0.0,True,correct
test,Pa's faire cumsa,Pas faire kumsa.,Pas faire kumsa.,0.0,0.0,True,correct
test,Besoin met la bank la so nom pour coner,Besoin met labank la so nom pour kone.,Besoin met labank la so nom pour kone.,0.0,0.0,True,correct
test,Li ti fek al cote psychologue🤔,Li ti fek ale kot psychologue.🤔,Li ti fek ale kot psychologue.🤔,0.0,0.0,True,correct
test,Alez corbeau blanc nou atane sa mem! 😜🤣,Ale corbeau blanc nu atann samem! 😜🤣,Ale corbeau blanc nu atann samem! 😜🤣,0.0,0.0,True,correct
test,Al demande chariter🤔,Ale demande charite.🤔,Ale demande charite.🤔,0.0,0.0,True,correct
test,Bizin pas faire interview dans ban cas coumsa,Bizin pas faire interview dans bann cas kumsa.,Bizin pas faire interview dans bann cas kumsa.,0.0,0.0,True,correct
test,"[NAME], ena sa tres souvent c sa kalitee la mem ki pli pedophile sa","[NAME], ena sa tre souvent se sa kalite lamem ki plis pedophile sa.","[NAME], ena sa tre souvent se sa kalite lamem ki plis pedophile sa.",0.0,0.0,True,correct
test,Manière mo p lire ban commentaire dimoun p penser saem suspect kin gain batter plusieurs coup de matraque la beh ici zot p dire suspect in prend la fuite li en cavale alors which is which 🤔,Manière mo pe lire bann commentaire dimunn pe pense samem suspect kinn gagne bate plusieurs kut de matraque la. B ici zot pe dire suspect inn prend la fuite li en cavale alors which is which? 🤔,Manière mo pe lire bann commentaire dimunn pe pense samem suspect kinn gagne bate plusieurs kut de matraque la. B ici zot pe dire suspect inn prend la fuite li en cavale alors which is which? 🤔,0.0,0.0,True,correct
test,[NAME] to sa pu to fail plusieurs fois.... Dix cou bizin payer même... La caisse govt rempli,[NAME] to sa pu to fail plusieurs fois.... Dix kut bizin peye même... La caisse guvernman rempli.,[NAME] to sa pu to fail plusieurs fois.... Dix kut bizin peye même... La caisse guvernman rempli.,0.0,0.0,True,correct
test,"[NAME], jeudi fête😏😂","[NAME], jeudi fête.😏😂","[NAME], jeudi fête.😏😂",0.0,0.0,True,correct
test,Depi kan appollo si végétarien zamais li ti était sa 😂😂😂,Depi kan appollo si végétarien zame li ti était sa. 😂😂😂,Depi kan appollo si végétarien zame li ti était sa. 😂😂😂,0.0,0.0,True,correct
test,Sa. Vraie. Libertez,Sa vrai liberte.,Sa vrai liberte.,0.0,0.0,True,correct
test,Ena le rat si la bas?,Ena le rat si laba?,Ena le rat si laba?,0.0,0.0,True,correct
test,BOSS INN DIRE PE REDRESS MORIS,BOSS INN DIRE PE REDRESS MORIS.,BOSS INN DIRE PE REDRESS MORIS.,0.0,0.0,True,correct
test,Saisi.....??? Pour comien jour ein..????,Saisi.....??? Pour komie jour ein..????,Saisi.....??? Pour komie jour ein..????,0.0,0.0,True,correct
test,Comier accidents zordi?,Komie accidents zordi?,Komie accidents zordi?,0.0,0.0,True,correct
test,Samen pas pou ressi amen 3 credit,Samem pas pu resi amenn 3 credit.,Samem pas pu resi amenn 3 credit.,0.0,0.0,True,correct
test,Par ene ti couyon 23 ans dir moi vous zot,Par enn ti kuyon 23 ans dir moi vous zot.,Par enn ti kuyon 23 ans dir moi vous zot.,0.0,0.0,True,correct
test,Kifer ine met foto lopital?,Kifer inn met foto lopital?,Kifer inn met foto lopital?,0.0,0.0,True,correct
test,Reform so idea,Reform so idea.,Reform so idea.,0.0,0.0,True,correct
test,"Bizin action, pas du blablabla","Bizin action, pas du blablabla.","Bizin action, pas du blablabla.",0.0,0.0,True,correct
test,"[NAME], 😀 c'est le minimum, prison ferme pour homicide volontaire ti puu marii mieux","[NAME], 😀 c'est le minimum, prison ferme pour homicide volontaire ti pu mari mieux.","[NAME], 😀 c'est le minimum, prison ferme pour homicide volontaire ti pu mari mieux.",0.0,0.0,True,correct
test,Tension boule viré,Tension boule vire.,Tension boule vire.,0.0,0.0,True,correct
test,Fini couyone zot la dimoune bien bet ine donne rs635 compensation apres bouss lizier ar night market,Fini kuyon zot la dimunn bien bet inn donne Rs635 compensation apre bouss lizye ar night market.,Fini kuyon zot la dimunn bien bet inn donne Rs635 compensation apre bouss lizye ar night market.,0.0,0.0,True,correct
test,Seigneur seigneur protege tou nou bne conducteur mo trouv zis sa mm zrdi lor mo fbk seigneur🙏🏼,"Seigneur, Seigneur protez tu nu bann conducteur. Mo truve zis samem zordi lor mo Facebook Seigneur.🙏🏼","Seigneur, Seigneur protez tu nu bann conducteur. Mo truve zis samem zordi lor mo Facebook Seigneur.🙏🏼",0.0,0.0,True,correct
test,Tamtam,Tamtam.,Tamtam.,0.0,0.0,True,correct
test,Enn accident fabrique sa😂😂😂🤣,Enn accident fabrique sa.😂😂😂🤣,Enn accident fabrique sa.😂😂😂🤣,0.0,0.0,True,correct
test,Arret boire apres rouler do. Met la vie dimounes danger,Aret boire apre roule dow. Met lavi dimunn danger.,Aret boire apre roule dow. Met lavi dimunn danger.,0.0,0.0,True,correct
test,Bixin cuit so cari,Bizin cuit so kari.,Bizin cuit so kari.,0.0,0.0,True,correct
test,Si zot dir be safe b kifer p met veille,"Si zot dir be safe, b kifer pe met veille?","Si zot dir be safe, b kifer pe met veille?",0.0,0.0,True,correct
test,Ou bzn guete ou bien ek ou enfant ki concubin ou prn. Priorite ou enfant,Ou bizin get ou bien ek ou enfant ki concubin ou pran. Priorite ou enfant.,Ou bizin get ou bien ek ou enfant ki concubin ou pran. Priorite ou enfant.,0.0,0.0,True,correct
