loss,grad_norm,learning_rate,epoch,step,eval_loss,eval_cer,eval_wer,eval_chrf,eval_exact_match,eval_word_accuracy,eval_punct_precision,eval_punct_recall,eval_punct_f1,eval_punct_accuracy,eval_capitalization_accuracy,eval_capitalization_f1,eval_runtime,eval_samples_per_second,eval_steps_per_second,train_runtime,train_samples_per_second,train_steps_per_second,total_flos,train_loss
6.189099731445313,10.782127380371094,2.832369942196532e-05,0.07230657989877079,50,,,,,,,,,,,,,,,,,,,,
4.776818542480469,43.160369873046875,5.722543352601156e-05,0.14461315979754158,100,,,,,,,,,,,,,,,,,,,,
3.8522689819335936,3.685023307800293,8.612716763005781e-05,0.21691973969631237,150,,,,,,,,,,,,,,,,,,,,
3.213721923828125,3.8309364318847656,9.920900517188928e-05,0.28922631959508316,200,,,,,,,,,,,,,,,,,,,,
2.844665832519531,3.548455238342285,9.768786127167631e-05,0.3615328994938539,250,,,,,,,,,,,,,,,,,,,,
2.6377947998046873,3.4108357429504395,9.616671737146334e-05,0.43383947939262474,300,,,,,,,,,,,,,,,,,,,,
2.5624029541015627,2.601186513900757,9.464557347125039e-05,0.5061460592913956,350,,,,,,,,,,,,,,,,,,,,
2.405062713623047,2.4709084033966064,9.312442957103742e-05,0.5784526391901663,400,,,,,,,,,,,,,,,,,,,,
2.311943359375,2.820439577102661,9.160328567082446e-05,0.6507592190889371,450,,,,,,,,,,,,,,,,,,,,
2.230548858642578,3.465543270111084,9.008214177061151e-05,0.7230657989877078,500,,,,,,,,,,,,,,,,,,,,
2.177857666015625,3.922288179397583,8.856099787039854e-05,0.7953723788864787,550,,,,,,,,,,,,,,,,,,,,
2.122661285400391,2.4011034965515137,8.703985397018559e-05,0.8676789587852495,600,,,,,,,,,,,,,,,,,,,,
2.0248394775390626,3.487764596939087,8.551871006997262e-05,0.9399855386840202,650,,,,,,,,,,,,,,,,,,,,
,,,1.0,692,0.8101258873939514,0.10326035069853293,0.3146147106679461,74.7040884610933,0.0737527114967462,0.5407143442287212,0.7559988485227341,0.3604565016033388,0.45504061607710833,0.5687937248251007,0.9725434837408621,0.6922120492822426,82.0683,16.852,2.108,,,,,
2.0037310791015623,3.05216383934021,8.399756616975966e-05,1.0115690527838033,700,,,,,,,,,,,,,,,,,,,,
1.897830047607422,3.365844964981079,8.247642226954671e-05,1.083875632682574,750,,,,,,,,,,,,,,,,,,,,
1.851275634765625,2.9439127445220947,8.095527836933374e-05,1.1561822125813448,800,,,,,,,,,,,,,,,,,,,,
1.818245849609375,3.6049909591674805,7.943413446912077e-05,1.2284887924801158,850,,,,,,,,,,,,,,,,,,,,
1.7459507751464844,3.665897846221924,7.791299056890782e-05,1.3007953723788865,900,,,,,,,,,,,,,,,,,,,,
1.7555413818359376,3.253396987915039,7.639184666869486e-05,1.3731019522776573,950,,,,,,,,,,,,,,,,,,,,
1.764154052734375,4.097136497497559,7.487070276848191e-05,1.445408532176428,1000,,,,,,,,,,,,,,,,,,,,
1.701759033203125,5.726006984710693,7.334955886826894e-05,1.5177151120751988,1050,,,,,,,,,,,,,,,,,,,,
1.6394422912597657,2.5878257751464844,7.182841496805597e-05,1.5900216919739696,1100,,,,,,,,,,,,,,,,,,,,
1.7541746520996093,2.2096710205078125,7.030727106784302e-05,1.6623282718727403,1150,,,,,,,,,,,,,,,,,,,,
1.6725862121582031,2.9868319034576416,6.878612716763007e-05,1.7346348517715113,1200,,,,,,,,,,,,,,,,,,,,
1.602738800048828,2.771235704421997,6.72649832674171e-05,1.8069414316702819,1250,,,,,,,,,,,,,,,,,,,,
1.63003662109375,3.2732901573181152,6.574383936720414e-05,1.8792480115690529,1300,,,,,,,,,,,,,,,,,,,,
1.66739501953125,2.2394378185272217,6.422269546699118e-05,1.9515545914678236,1350,,,,,,,,,,,,,,,,,,,,
,,,2.0,1384,0.6429900527000427,0.08575724787575979,0.2677625265968543,78.28505601949784,0.09833694866232827,0.5778234931084139,0.7286796785563684,0.3624112875682357,0.45693966396758584,0.5722469764481222,0.9742226191442721,0.713641488162345,80.6482,17.149,2.145,,,,,
1.5360418701171874,3.593043088912964,6.270155156677822e-05,2.0231381055676065,1400,,,,,,,,,,,,,,,,,,,,
1.5569996643066406,2.3714420795440674,6.118040766656527e-05,2.0954446854663775,1450,,,,,,,,,,,,,,,,,,,,
1.5658694458007814,1.8999899625778198,5.9659263766352305e-05,2.167751265365148,1500,,,,,,,,,,,,,,,,,,,,
1.6121267700195312,2.679650068283081,5.813811986613934e-05,2.240057845263919,1550,,,,,,,,,,,,,,,,,,,,
1.4478939819335936,2.1400716304779053,5.6616975965926376e-05,2.3123644251626896,1600,,,,,,,,,,,,,,,,,,,,
1.4530101013183594,2.625303268432617,5.5095832065713415e-05,2.3846710050614606,1650,,,,,,,,,,,,,,,,,,,,
1.5449539184570313,3.068862199783325,5.357468816550046e-05,2.4569775849602316,1700,,,,,,,,,,,,,,,,,,,,
1.4367475891113282,2.696563482284546,5.20535442652875e-05,2.529284164859002,1750,,,,,,,,,,,,,,,,,,,,
1.4718191528320312,3.153332471847534,5.053240036507454e-05,2.601590744757773,1800,,,,,,,,,,,,,,,,,,,,
1.4455299377441406,2.359367847442627,4.901125646486158e-05,2.6738973246565436,1850,,,,,,,,,,,,,,,,,,,,
1.3823898315429688,1.96175217628479,4.749011256464862e-05,2.7462039045553146,1900,,,,,,,,,,,,,,,,,,,,
1.3908969116210939,2.2703590393066406,4.5968968664435655e-05,2.8185104844540856,1950,,,,,,,,,,,,,,,,,,,,
1.4469375610351562,3.7270359992980957,4.4447824764222694e-05,2.890817064352856,2000,,,,,,,,,,,,,,,,,,,,
1.3385336303710937,3.0725343227386475,4.292668086400974e-05,2.9631236442516267,2050,,,,,,,,,,,,,,,,,,,,
,,,3.0,2076,0.5739465355873108,0.07691022499443083,0.24865451207810088,79.78925198880106,0.1193058568329718,0.5946257830530828,0.7523136876971036,0.36089677179599167,0.4549006547121821,0.5732484076433121,0.9742682567277681,0.7157776530039304,80.8372,17.108,2.14,,,,,
1.388563995361328,2.7658393383026123,4.140553696379678e-05,3.03470715835141,2100,,,,,,,,,,,,,,,,,,,,
1.3602613830566406,2.7221477031707764,3.988439306358382e-05,3.107013738250181,2150,,,,,,,,,,,,,,,,,,,,
1.4192715454101563,2.215343475341797,3.8363249163370856e-05,3.1793203181489513,2200,,,,,,,,,,,,,,,,,,,,
1.404730224609375,2.811901569366455,3.6842105263157895e-05,3.2516268980477223,2250,,,,,,,,,,,,,,,,,,,,
1.3593106079101562,2.8062920570373535,3.532096136294494e-05,3.3239334779464933,2300,,,,,,,,,,,,,,,,,,,,
1.3841848754882813,3.233578681945801,3.379981746273197e-05,3.396240057845264,2350,,,,,,,,,,,,,,,,,,,,
1.3424220275878906,2.647566080093384,3.227867356251902e-05,3.468546637744035,2400,,,,,,,,,,,,,,,,,,,,
1.2861824035644531,1.868830919265747,3.075752966230606e-05,3.5408532176428054,2450,,,,,,,,,,,,,,,,,,,,
1.327295684814453,3.205522298812866,2.9236385762093092e-05,3.6131597975415763,2500,,,,,,,,,,,,,,,,,,,,
1.3238705444335936,2.8541295528411865,2.7715241861880138e-05,3.6854663774403473,2550,,,,,,,,,,,,,,,,,,,,
1.3170243835449218,2.706348419189453,2.6194097961667173e-05,3.757772957339118,2600,,,,,,,,,,,,,,,,,,,,
1.2883218383789063,2.9180877208709717,2.4672954061454216e-05,3.8300795372378884,2650,,,,,,,,,,,,,,,,,,,,
1.3081085205078125,2.4640774726867676,2.3151810161241254e-05,3.9023861171366594,2700,,,,,,,,,,,,,,,,,,,,
1.31770263671875,2.663715124130249,2.1630666261028297e-05,3.9746926970354304,2750,,,,,,,,,,,,,,,,,,,,
,,,4.0,2768,0.5430177450180054,0.07529516596123859,0.24026868037882265,80.41077751837089,0.1294287780187997,0.6162541254125412,0.7496204631368312,0.35746088520744873,0.44895765674414595,0.5719745222929936,0.9742544256560952,0.7162707306140744,80.4966,17.181,2.149,,,,,
1.2648409271240235,2.444118022918701,2.0109522360815332e-05,4.046276211135213,2800,,,,,,,,,,,,,,,,,,,,
1.273426513671875,3.978140115737915,1.8588378460602374e-05,4.118582791033984,2850,,,,,,,,,,,,,,,,,,,,
1.3003489685058593,2.148759365081787,1.7067234560389413e-05,4.190889370932755,2900,,,,,,,,,,,,,,,,,,,,
1.342341766357422,2.321380853652954,1.5546090660176455e-05,4.263195950831526,2950,,,,,,,,,,,,,,,,,,,,
1.2278191375732421,3.034071445465088,1.4024946759963492e-05,4.335502530730296,3000,,,,,,,,,,,,,,,,,,,,
1.2608985900878906,2.740077495574951,1.2503802859750533e-05,4.407809110629067,3050,,,,,,,,,,,,,,,,,,,,
1.2374385070800782,2.5624773502349854,1.0982658959537573e-05,4.480115690527838,3100,,,,,,,,,,,,,,,,,,,,
1.2679338073730468,2.1518311500549316,9.461515059324614e-06,4.552422270426609,3150,,,,,,,,,,,,,,,,,,,,
1.2477608489990235,1.8817304372787476,7.940371159111653e-06,4.624728850325379,3200,,,,,,,,,,,,,,,,,,,,
1.2675348663330077,2.530352830886841,6.4192272588986925e-06,4.69703543022415,3250,,,,,,,,,,,,,,,,,,,,
1.2812548828125,3.1214802265167236,4.898083358685731e-06,4.769342010122921,3300,,,,,,,,,,,,,,,,,,,,
1.2256771850585937,2.0873730182647705,3.3769394584727714e-06,4.841648590021692,3350,,,,,,,,,,,,,,,,,,,,
1.313560028076172,1.9062931537628174,1.8557955582598113e-06,4.913955169920463,3400,,,,,,,,,,,,,,,,,,,,
1.2558787536621094,1.881197214126587,3.346516580468512e-07,4.986261749819233,3450,,,,,,,,,,,,,,,,,,,,
,,,5.0,3460,0.5341999530792236,0.07411768449861567,0.23780716759147233,80.66429681135652,0.13232104121475055,0.6249948425960309,0.7505253319739901,0.36127068981360866,0.454796668265599,0.5753133630762693,0.9743631480426467,0.7186243858865565,79.805,17.33,2.168,,,,,
,,,5.0,3460,,,,,,,,,,,,,,,,564.7806,97.95,6.126,1547720203173888.0,1.753029431083988
